row_index,treatment,propensity_score,analysis_weight
0,1,0.12977568350119542,1.0
1,1,0.5347688201452394,1.0
2,0,0.6271249126631966,4.01477037987936
3,1,0.5170279836323292,1.0
4,1,0.6592732062433825,1.0
5,0,0.49113763193511606,2.30394922174297
6,1,0.5854407276412203,1.0
7,1,0.6888832108766672,1.0
8,0,0.5416312891705589,2.820712392959196
9,1,0.8100343796500341,1.0
10,0,0.46306826187985145,2.0587137538840277
11,1,0.7988418805958665,1.0
12,1,0.49803958555409816,1.0
13,0,0.5493801186654009,2.9102655328659934
14,1,0.6407840130722079,1.0
15,1,0.531708545235,1.0
16,0,0.8142468702711804,10.463813343328905
17,1,0.6861831032007029,1.0
18,1,0.7618659714972967,1.0
19,1,0.4094738559724375,1.0
20,1,0.5562059223981255,1.0
21,1,0.8189277765255758,1.0
22,1,0.4777322011361976,1.0
23,1,0.8999671629214033,1.0
24,0,0.6920980629835523,5.365685807573818
25,1,0.8902471697973364,1.0
26,0,0.3584091397334868,1.3334935926984646
27,0,0.7200667290732686,6.140281076574102
28,1,0.8229861517761959,1.0
29,0,0.6987181338350608,5.536037812627927
30,1,0.7723807459067861,1.0
31,1,0.8218542475085135,1.0
32,0,0.7395374686464399,6.7777407238849285
33,1,0.9110795386943512,1.0
34,1,0.6745106785770222,1.0
35,0,0.9051433146194322,22.77820142926409
36,1,0.7044985745353585,1.0
37,1,0.895868082674244,1.0
38,1,0.5586074508269877,1.0
39,1,0.8535325722910216,1.0
40,1,0.9132912010167392,1.0
41,1,0.8401022640786718,1.0
42,1,0.8848916485153335,1.0
43,0,0.8303102073224523,11.680318457608989
44,1,0.750715562127879,1.0
45,0,0.600349608618471,3.5858656591515756
46,1,0.8243998106792305,1.0
47,1,0.955786911170685,1.0
48,1,0.8437765895631177,1.0
49,1,0.9511966863679661,1.0
50,1,0.7976534770653324,1.0
51,0,0.8607396620554587,14.75415686217333
52,1,0.6069557076702099,1.0
53,1,0.9224976931880553,1.0
54,0,0.6873272478686246,5.247392505481724
55,1,0.583191669043544,1.0
56,1,0.7166304039128084,1.0
57,1,0.300479427592102,1.0
58,0,0.38593928460928456,1.5002985832422115
59,0,0.7431974995583885,6.908360902770531
60,1,0.4196381610479312,1.0
61,1,0.8478690724873256,1.0
62,0,0.5299029316491447,2.690783806018765
63,1,0.6386498808734326,1.0
64,0,0.30631490592854954,1.0540853913088784
65,1,0.6144170457279303,1.0
66,1,0.6998365686593842,1.0
67,0,0.5974270245108771,3.5425033717011076
68,1,0.8513964927776878,1.0
69,1,0.7407914044048179,1.0
70,0,0.5874355888464685,3.3989010231424315
71,1,0.47542239404481446,1.0
72,0,0.6209374347638578,3.9102720327380305
73,1,0.8553075988243637,1.0
74,1,0.5445368933338504,1.0
75,1,0.8462763222030357,1.0
76,1,0.5000958954067073,1.0
77,1,0.7830798872547641,1.0
78,0,0.4220107465061614,1.7429052280305208
79,1,0.7707487290539191,1.0
80,1,0.8586912892302636,1.0
81,0,0.7519337347447117,7.235722240463506
82,1,0.601625010876408,1.0
83,0,0.6724745022071943,4.901180902751281
84,1,0.7877334648088887,1.0
85,1,0.9305157606018661,1.0
86,0,0.7303519567471434,6.465542189535554
87,1,0.9257713607878307,1.0
88,0,0.5148081481206349,2.5328060744368543
89,0,0.7929125736448891,9.1399032769838
90,1,0.43643132695775605,1.0
91,1,0.8839451172552918,1.0
92,1,0.9322799308026897,1.0
93,1,0.8728881811445134,1.0
94,1,0.9094833160753043,1.0
95,1,0.6853059806533675,1.0
96,1,0.7974097832467826,1.0
97,0,0.6625487658633568,4.68680467500651
98,1,0.8598683541204338,1.0
99,1,0.9658176378654763,1.0
100,1,0.8759203850698539,1.0
101,1,0.8966329116589323,1.0
102,0,0.6369452027918532,4.187934853401161
103,1,0.8898488504500017,1.0
104,1,0.6686941121316228,1.0
105,1,0.8792775650994904,1.0
106,1,0.9579175320195926,1.0
107,1,0.8314659628834052,1.0
108,0,0.5295269706150512,2.686726006496366
109,1,0.3595622102065863,1.0
110,0,0.4509921980402713,1.960922991049513
111,1,0.790907725604614,1.0
112,1,0.48587680334477606,1.0
113,1,0.8792912796495879,1.0
114,1,0.3340757665351597,1.0
115,1,0.6978878629705388,1.0
116,0,0.3659448513905367,1.3777126109658564
117,1,0.6756098270075049,1.0
118,1,0.7529244758451139,1.0
119,1,0.6598233010421206,1.0
120,1,0.5441625681247588,1.0
121,0,0.5598425862309738,3.0361829423811777
122,1,0.6504744587088077,1.0
123,1,0.5422394377115751,1.0
124,0,0.6816316120925529,5.11081088517966
125,1,0.8854010620904827,1.0
126,0,0.34729702970383514,1.270151442572495
127,0,0.7101528492948053,5.848612179252329
128,1,0.5666349227980663,1.0
129,1,0.8251240262438315,1.0
130,1,0.4883087903340784,1.0
131,1,0.8146171187441842,1.0
132,0,0.7300546396759546,6.4557919175329985
133,1,0.5742932840765074,1.0
134,1,0.6637368522194854,1.0
135,0,0.5568105564003449,2.9990801951971697
136,1,0.8290725113168154,1.0
137,1,0.9459556249469504,1.0
138,1,0.7797414175335359,1.0
139,1,0.8473433260288016,1.0
140,0,0.581029508218749,3.3104328156465814
141,1,0.8334562323804348,1.0
142,0,0.5030232066427738,2.4161391235392196
143,0,0.9087181412739043,23.76373765783061
144,1,0.9473499652526379,1.0
145,1,0.7534648097932154,1.0
146,1,0.8172430987388899,1.0
147,1,0.7400090818013597,1.0
148,1,0.8372536931494761,1.0
149,1,0.7195890920833133,1.0
150,1,0.7896847892282796,1.0
151,1,0.9263346159614769,1.0
152,1,0.7585578306372971,1.0
153,1,0.9189459472581848,1.0
154,0,0.6963297633009986,5.473722251543387
155,1,0.913485007454255,1.0
156,0,0.7251266285116043,6.297253991643819
157,1,0.9049397761589855,1.0
158,1,0.9101581723735194,1.0
159,1,0.8657396921523027,1.0
160,1,0.9209789233202167,1.0
161,1,0.8532362466629201,1.0
162,0,0.517764649347896,2.5629691447930854
163,1,0.8317606119235849,1.0
164,0,0.2960725969965208,1.0040153831232623
165,1,0.6028253590039719,1.0
166,1,0.39602464380931357,1.0
167,0,0.751197895018976,7.207262463143337
168,1,0.42998749785875323,1.0
169,1,0.7313376433239398,1.0
170,0,0.5755930558573351,3.2374501544993137
171,1,0.46330215018388615,1.0
172,0,0.6094171591056842,3.724530579245286
173,1,0.6244018569166887,1.0
174,1,0.7086582727737559,1.0
175,0,0.607570793512904,3.6957755878360143
176,1,0.4879317097189992,1.0
177,1,0.7746993796379273,1.0
178,0,0.4101874275926145,1.6601156554268446
179,1,0.7620365885345208,1.0
180,0,0.44447104429817696,1.9098831576226596
181,0,0.8604710470908784,14.721157279345574
182,1,0.555020730162307,1.0
183,0,0.661667084397933,4.668370382898408
184,1,0.7794821153329348,1.0
185,1,0.638103144522831,1.0
186,0,0.7206610234863166,6.158423095557305
187,1,0.6215138896702115,1.0
188,1,0.8637532230101739,1.0
189,0,0.8862330065053102,18.59523475155755
190,1,0.6117317470421396,1.0
191,1,0.8788586093472547,1.0
192,1,0.644454773084333,1.0
193,1,0.8673897660597585,1.0
194,0,0.5695080041187351,3.1579465646655094
195,1,0.6747171612503671,1.0
196,1,0.8889873601847217,1.0
197,0,0.7997814053844774,9.535356176679782
198,1,0.8539010105119265,1.0
199,1,0.7881428103395848,1.0
200,1,0.8705336786107456,1.0
201,1,0.7703299861906638,1.0
202,0,0.6256181015780555,3.9890041651290793
203,1,0.9426462935951988,1.0
204,1,0.8041662894066259,1.0
205,1,0.9367820390375872,1.0
206,1,0.7498161721129974,1.0
207,1,0.9324344346508424,1.0
208,0,0.5400323906315514,2.802609469407202
209,1,0.8090416476501106,1.0
210,1,0.8610929213183625,1.0
211,1,0.8939325296638879,1.0
212,1,0.9383976441977103,1.0
213,1,0.8837019371250757,1.0
214,1,0.7910476111289801,1.0
215,1,0.9457471638702891,1.0
216,0,0.3547282795712175,1.3122700175315325
217,1,0.664854305567256,1.0
218,0,0.4614999055940227,2.0457655390930807
219,1,0.797826100162289,1.0
220,0,0.2513425307843206,0.8014064764243308
221,0,0.5478176891413632,2.891961510197884
222,1,0.6393304459879284,1.0
223,1,0.5301372471255421,1.0
224,0,0.67097851590083,4.868042751813989
225,1,0.5042758513914806,1.0
226,1,0.7607194030425183,1.0
227,0,0.4079491041894685,1.6448146562005521
228,1,0.5546479743553309,1.0
229,1,0.8179903137499671,1.0
230,1,0.47615822343543235,1.0
231,1,0.807154970905533,1.0
232,0,0.5111769652016778,2.496258968602846
233,1,0.7329506916401578,1.0
234,0,0.35695959618726125,1.3251066270855731
235,0,0.7187931893120637,6.1016619736967455
236,1,0.82206513506638,1.0
237,0,0.6973882868348992,5.501219078574455
238,1,0.7712696047130301,1.0
239,1,0.42224020517017347,1.0
240,0,0.5691379631205093,3.153184266768072
241,1,0.9105670695949835,1.0
242,1,0.6731239679744443,1.0
243,0,0.9046002160380459,22.634938654581987
244,1,0.7031834035211797,1.0
245,1,0.8952780231495644,1.0
246,1,0.37058251757365746,1.0
247,1,0.7305371668624757,1.0
248,1,0.9127902581421464,1.0
249,1,0.8392529091600219,1.0
250,1,0.8842474278146695,1.0
251,0,0.8294193996590007,11.606855465519647
252,1,0.7495329565113513,1.0
253,0,0.5988348572585981,3.5633124709394797
254,0,0.6859418851655618,5.213715500477185
255,1,0.9095607240040569,1.0
256,1,0.8429431033650029,1.0
257,1,0.9509029622912372,1.0
258,1,0.5715234210872902,1.0
259,1,0.8599816594987719,1.0
260,1,0.6054495394371748,1.0
261,1,0.8470367226773868,1.0
262,0,0.8901376937648853,19.340981362860646
263,1,0.9167743695394167,1.0
264,1,0.8714578850908483,1.0
265,1,0.7717819798765432,1.0
266,1,0.8318789760218203,1.0
267,1,0.9579554348480893,1.0
268,1,0.8505800412995698,1.0
269,1,0.953579412801845,1.0
270,0,0.34400965226749497,1.2518238020691705
271,1,0.6371925675346168,1.0
272,0,0.30497590177856465,1.0474557547074241
273,1,0.6129212353873529,1.0
274,1,0.6985095282354086,1.0
275,0,0.5959086519566018,3.520222909219178
276,1,0.727180674188664,1.0
277,0,0.3116409388410112,1.0807108118276167
278,0,0.5859056520643778,3.3775237430723926
279,1,0.4738491218642268,1.0
280,1,0.6194512525170849,1.0
281,0,0.85452502638899,14.02188901174981
282,1,0.5429716409000301,1.0
283,0,0.6506882928383037,4.44661857302372
284,1,0.317594765806758,1.0
285,1,0.6267910022548447,1.0
286,0,0.4204725513118463,1.7319432809360165
287,1,0.769631997201849,1.0
288,1,0.8579239776080226,1.0
289,0,0.7507549894509521,7.190213395166098
290,1,0.6001118736334751,1.0
291,0,0.4885438275314898,2.280158999986241
292,1,0.633227052184607,1.0
293,1,0.930106713685029,1.0
294,0,0.7291076056412584,6.424877367215262
295,1,0.9253366251058628,1.0
296,0,0.5132320570433604,2.516876071048207
297,0,0.7918746528598413,9.082418145514891
298,1,0.43488011753944245,1.0
299,1,0.7799029271936884,1.0
300,1,0.8649491735123259,1.0
301,1,0.8721864846254285,1.0
302,1,0.7727174107242584,1.0
303,1,0.6839437116132163,1.0
304,1,0.7963886144214294,1.0
305,0,0.6611366955588576,4.657327165808979
306,1,0.7405762920604746,1.0
307,1,0.9293031674572473,1.0
308,0,0.7048972811636806,5.701940099497768
309,1,0.8960466831212226,1.0
310,0,0.6354849384579908,4.161594970107513
311,1,0.8892289004856397,1.0
312,1,0.6672948439468211,1.0
313,1,0.8786062347155429,1.0
314,1,0.9137178806982382,1.0
315,1,0.6965286319459358,1.0
316,0,0.8985906302186394,21.152116410348945
317,1,0.8154999810129054,1.0
318,1,0.8660822412807389,1.0
319,1,0.9675109068221651,1.0
320,1,0.8815205508618847,1.0
321,1,0.9014034733497033,1.0
322,1,0.649009194643683,1.0
323,1,0.9478798826682266,1.0
324,0,0.3644821444321341,1.3690475312415245
325,1,0.6742255375101058,1.0
326,1,0.7517488840295926,1.0
327,0,0.39624965972317827,1.5666844743587192
328,1,0.542597109845799,1.0
329,0,0.37175205958301133,1.4125126166612063
330,1,0.4640358145920841,1.0
331,1,0.5406729497833832,1.0
332,0,0.6802608582958621,5.0786666023854306
333,1,0.8847593211065952,1.0
334,0,0.34586820069116714,1.2621628654017087
335,0,0.7088524434505608,5.811827518644198
336,1,0.378223294800229,1.0
337,0,0.6870203432186789,5.239906203387878
338,1,0.48673244165745555,1.0
339,1,0.8136624165507166,1.0
340,0,0.7288094259914903,6.415188419238891
341,1,0.5727500575508128,1.0
342,1,0.6623272196868958,1.0
343,0,0.5552530337045725,2.9802175755301916
344,1,0.6929265843300523,1.0
345,1,0.8906267604645572,1.0
346,1,0.5450120396213319,1.0
347,1,0.8465254079079547,1.0
348,0,0.5794928208094385,3.289611953558723
349,1,0.8325786100383313,1.0
350,1,0.5014459068848902,1.0
351,0,0.8224231985305918,11.055519347061356
352,1,0.7402862396047484,1.0
353,1,0.7522909430776497,1.0
354,0,0.8162988704281583,10.607362104514678
355,1,0.7387933572253581,1.0
356,1,0.8363921537790961,1.0
357,1,0.7183142293981557,1.0
358,1,0.78863500324647,1.0
359,1,0.8540183217215928,1.0
360,1,0.5937665079486526,1.0
361,1,0.9184747573328724,1.0
362,0,0.694993976017665,5.439295449232838
363,1,0.9129850775791897,1.0
364,0,0.7238672808139938,6.257647612601022
365,1,0.7630970364111863,1.0
366,1,0.8249623633269061,1.0
367,0,0.7499925894728208,7.161007296641738
368,1,0.9205185294696461,1.0
369,1,0.8524444039755215,1.0
370,1,0.8942119376204631,1.0
371,1,0.9298416538715603,1.0
372,1,0.768052327163548,1.0
373,1,0.9227754180143044,1.0
374,1,0.7073271774180885,1.0
375,1,0.9175493359851373,1.0
376,1,0.8558837693456457,1.0
377,1,0.9554187537351149,1.0
378,0,0.5740510464238905,3.2170883145415434
379,1,0.46173368295611883,1.0
380,1,0.6079143300702636,1.0
381,0,0.4361119800698398,1.846184816873416
382,1,0.5308720603819336,1.0
383,0,0.6060654525235655,3.672531124617095
384,1,0.4863554213147667,1.0
385,1,0.773596239278902,1.0
386,0,0.4086618574978066,1.649674410720664
387,1,0.7608905837457397,1.0
388,0,0.44291371710321037,1.8978710081415298
389,0,0.741537830422246,6.848671764364009
390,0,0.1649888625745571,0.47166362695941155
391,1,0.6602532165667158,1.0
392,1,0.7783956940144072,1.0
393,1,0.6366448807153594,1.0
394,0,0.7193891337943028,6.119689889027564
395,1,0.6200285844938739,1.0
396,0,0.5010686156678822,2.3973221843150987
397,0,0.7837400878940333,8.65099507994481
398,1,0.6102321278602983,1.0
399,1,0.8781852719427874,1.0
400,1,0.6430077844501728,1.0
401,1,0.866662353141796,1.0
402,0,0.5679604806800461,3.1380847600117643
403,1,0.6733309043024472,1.0
404,1,0.7883833296198373,1.0
405,0,0.6501497931794238,4.436099918720778
406,1,0.8531121370088135,1.0
407,1,0.7870874027692493,1.0
408,0,0.8698209229178054,15.949926560872388
409,1,0.5315959002120062,1.0
410,0,0.6241391624048774,3.9639154500832734
411,1,0.8843436725175815,1.0
412,1,0.656403839398064,1.0
413,1,0.9364073600492598,1.0
414,1,0.7486307284517094,1.0
415,1,0.823621261308519,1.0
416,0,0.5384647786021904,2.7849825461321394
417,1,0.8080649975693341,1.0
418,1,0.8603365295783819,1.0
419,1,0.7967855747679895,1.0
