covariate,treated_mean_before,control_mean_before,smd_before,treated_mean_after,control_mean_after,smd_after,variance_ratio_after
age,60.63703703703704,52.78181818181818,0.5253189907028113,52.729166666666664,54.125,-0.0933465726889132,1.059669077361385
bmi,28.49511111111111,26.796727272727274,0.32265577881333224,27.277500000000003,27.05,0.04322002366077893,0.9775682704811441
severity,4.231481481481482,3.1136363636363638,0.4890687492189021,3.0533854166666665,3.3919270833333335,-0.1481154650425281,0.8686255193386733
frailty,1.7925925925925925,1.6568181818181817,0.12621396068973795,1.5885416666666667,1.625,-0.03389114799984044,1.0325835346215784
renal,1.3765433333333332,1.2272727272727273,0.16827027646411302,1.246528125,1.2500000000000002,-0.003913787057725774,0.8028329651222595
sex_M,0.5333333333333333,0.41818181818181815,0.23138098280094194,0.4791666666666667,0.4791666666666667,0.0,1.0000000000000002
site_B,0.2740740740740741,0.19090909090909092,0.19723712988319095,0.19791666666666666,0.21875,-0.04940909883207468,0.928888888888889
site_C,0.22962962962962963,0.3,-0.1594630162107204,0.2916666666666667,0.2708333333333333,0.04720944558870021,1.0461538461538458
site_D,0.25925925925925924,0.22727272727272727,0.07436829792077848,0.28125,0.2604166666666667,0.04843724667208595,1.0495774647887326
